[{"name":"TRAMADOL HYDROCHLORIDE","price":516.48,"seller":null},{"name":"Allopurinol","price":518.50,"seller":"Anna Clark"},{"name":"Parsley","price":519.06,"seller":"Jeremy Woods"},{"name":"equaline","price":520.45,"seller":"Jonathan Rodriguez"},{"name":"Extra Strength Pain Reliever PM","price":542.72,"seller":"Ann Stevens"},{"name":"Propranolol Hydrochloride","price":546.95,"seller":"Ann Stevens"},{"name":"Prednisone","price":550.72,"seller":"Jonathan Rodriguez"},{"name":"TERSI","price":554.91,"seller":"Jeremy Woods"},{"name":"DAYWEAR PLUS MULTI PROTECTION TINTED MOISTURIZER","price":555.12,"seller":"Wanda Harris"},{"name":"PLANTAGO LANCEOLATA POLLEN","price":561.68,"seller":"Rachel Johnson"},{"name":"Echinacea Quartz Gum Support","price":570.08,"seller":"Nicole Martinez"},{"name":"Topiramate","price":578.77,"seller":null},{"name":"AIR","price":581.69,"seller":null},{"name":"Agaricus Equisetum Special Order","price":585.93,"seller":null},{"name":"Gemcitabine","price":594.79,"seller":"Brandon Fuller"},{"name":"Ketorolac Tromethamine","price":608.18,"seller":null},{"name":"Pleo Ginkgo","price":613.65,"seller":"Billy Parker"},{"name":"Diastat","price":614.14,"seller":"Betty Lawson"},{"name":"No7 Protect and Perfect Foundation Sunscreen Broad Spectrum SPF 15 Cool Ivory","price":616.19,"seller":"Amanda Frazier"},{"name":"Glipizide","price":621.78,"seller":"Jacqueline Perez"},{"name":"AMARANTHUS PALMERI POLLEN","price":623.16,"seller":null},{"name":"Foaming Hand Sanitizer","price":624.72,"seller":"Anna Parker"},{"name":"ziprasidone hydrochloride","price":628.66,"seller":null},{"name":"AVANDAMET","price":632.08,"seller":"Thomas Snyder"},{"name":"Imipramine Hydrochloride","price":648.69,"seller":"Joshua Murray"},{"name":"Childrens Allegra Allergy","price":650.97,"seller":"Kathy Gilbert"},{"name":"Strattera","price":658.54,"seller":"Gloria Alexander"},{"name":"Amitiza","price":666.58,"seller":"Patricia Fuller"},{"name":"ENBREL","price":673.97,"seller":"Carl Lawson"},{"name":"Ampicillin","price":674.63,"seller":"Gloria Alexander"},{"name":"PRIMAXIN","price":686.66,"seller":"Emily Parker"},{"name":"CLARINS Ever Matte SPF 15 - 105 Nude","price":696.06,"seller":null},{"name":"CALMING DIAPER RASH","price":700.92,"seller":"Christine Gomez"},{"name":"Acnezzol Base","price":710.60,"seller":"Nicole Harris"},{"name":"Prostate","price":716.05,"seller":"Emily Parker"},{"name":"Pleo Lat","price":720.08,"seller":"Jean Henry"},{"name":"GOONG SECRET CALMING BATH","price":742.47,"seller":"Fred Barnes"},{"name":"Warfarin Sodium","price":770.05,"seller":"Thomas Snyder"},{"name":"Pollens - Weeds and Garden Plants, Nettle Urtica dioica","price":782.77,"seller":"Patricia Fuller"},{"name":"Isosorbide Mononitrate","price":789.91,"seller":"Marie Williamson"},{"name":"Naproxen","price":807.22,"seller":"Jean Henry"},{"name":"Meloxicam","price":809.18,"seller":"Eugene Stewart"},{"name":"Clarins Paris Skin Illusion - 114 cappuccino","price":811.42,"seller":null},{"name":"Azithromycin","price":813.87,"seller":"Arthur Reynolds"},{"name":"LV-FX","price":820.87,"seller":"Sandra Riley"},{"name":"IOPE SUPER VITAL","price":824.68,"seller":"Sarah Day"},{"name":"Aquafresh","price":849.93,"seller":null},{"name":"RESCRIPTOR","price":850.52,"seller":"Patricia Cooper"},{"name":"Moore Medical Sinus Pain and Pressure Relief","price":855.39,"seller":null},{"name":"Shopko Lip Treatment","price":861.42,"seller":"Patricia Cooper"},{"name":"Perrigo Benzoyl Peroxide","price":873.24,"seller":"Patricia Fuller"},{"name":"ESIKA","price":879.37,"seller":"Fred Barnes"},{"name":"Levothyroxine Sodium","price":885.86,"seller":"Sandra Riley"},{"name":"EPZICOM","price":895.65,"seller":"Carl Daniels"},{"name":"Myristica Argentum Sinus Relief","price":904.52,"seller":"Fred Allen"},{"name":"Aspirin","price":925.45,"seller":"Eugene Stewart"},{"name":"Ranitidine","price":926.64,"seller":null},{"name":"Care One Hemorrhoidal","price":932.18,"seller":"Marie Williamson"},{"name":"Spironolactone","price":933.69,"seller":null},{"name":"pain relief","price":938.23,"seller":null},{"name":"Glipizide and Metformin Hydrochloride","price":953.60,"seller":null},{"name":"Metformin Hydrochloride","price":953.99,"seller":"Carl Lawson"},{"name":"Homeopathic Rheumatism","price":967.08,"seller":null},{"name":"NEO-POLY-BAC HYDRO","price":967.32,"seller":null},{"name":"Clearskin","price":968.59,"seller":"Billy Parker"},{"name":"Dawn Ultra Antibacterial Hand","price":969.86,"seller":"Doris Cook"},{"name":"Megestrol Acetate","price":976.15,"seller":null},{"name":"Smooth texture Orange flavor","price":976.65,"seller":null},{"name":"Retin-A MICRO","price":995.98,"seller":"Eugene Stewart"}]