[
  {
    "car": {
      "Make": "Opel",
      "Model": "Omega",
      "TravelledDistance": 176664996
    },
    "parts": []
  },
  {
    "car": {
      "Make": "Ferrari",
      "Model": "Daytona",
      "TravelledDistance": 30312194
    },
    "parts": []
  },
  {
    "car": {
      "Make": "Ferrari",
      "Model": "F430",
      "TravelledDistance": 235611505
    },
    "parts": []
  },
  {
    "car": {
      "Make": "Ferrari",
      "Model": "250 GTO",
      "TravelledDistance": 328086491
    },
    "parts": [
      {
        "Name": "Speed reducer",
        "Price": "14.99"
      },
      {
        "Name": "Engine cradle",
        "Price": "39.99"
      },
      {
        "Name": "Engine block",
        "Price": "40.99"
      }
    ]
  },
  {
    "car": {
      "Make": "Ferrari",
      "Model": "F40",
      "TravelledDistance": 262060470
    },
    "parts": [
      {
        "Name": "Valve cover",
        "Price": "130.99"
      },
      {
        "Name": "Turbocharger",
        "Price": "0.40"
      }
    ]
  },
  {
    "car": {
      "Make": "Ferrari",
      "Model": "250 GTO",
      "TravelledDistance": 455536599
    },
    "parts": []
  },
  {
    "car": {
      "Make": "Ferrari",
      "Model": "275",
      "TravelledDistance": 5436105
    },
    "parts": []
  },
  {
    "car": {
      "Make": "Ferrari",
      "Model": "Daytona",
      "TravelledDistance": 351364846
    },
    "parts": []
  },
  {
    "car": {
      "Make": "Ferrari",
      "Model": "250 GTO",
      "TravelledDistance": 10791694
    },
    "parts": []
  },
  {
    "car": {
      "Make": "Ferrari",
      "Model": "F40",
      "TravelledDistance": 69764556
    },
    "parts": []
  },
  {
    "car": {
      "Make": "Ferrari",
      "Model": "F40",
      "TravelledDistance": 106050998
    },
    "parts": []
  },
  {
    "car": {
      "Make": "Ferrari",
      "Model": "275",
      "TravelledDistance": 448008546
    },
    "parts": []
  },
  {
    "car": {
      "Make": "Ferrari",
      "Model": "F430",
      "TravelledDistance": 397106659
    },
    "parts": []
  },
  {
    "car": {
      "Make": "Ferrari",
      "Model": "250 GTO",
      "TravelledDistance": 245546172
    },
    "parts": []
  },
  {
    "car": {
      "Make": "Ferrari",
      "Model": "Daytona",
      "TravelledDistance": 316270662
    },
    "parts": []
  },
  {
    "car": {
      "Make": "Lamborghini",
      "Model": "Diablo",
      "TravelledDistance": 400917306
    },
    "parts": []
  },
  {
    "car": {
      "Make": "Lamborghini",
      "Model": "Gallardo",
      "TravelledDistance": 240371960
    },
    "parts": []
  },
  {
    "car": {
      "Make": "Lamborghini",
      "Model": "Murciélago",
      "TravelledDistance": 499808136
    },
    "parts": []
  },
  {
    "car": {
      "Make": "Lamborghini",
      "Model": "Gallardo",
      "TravelledDistance": 437885784
    },
    "parts": []
  },
  {
    "car": {
      "Make": "Ferrari",
      "Model": "F430",
      "TravelledDistance": 403805820
    },
    "parts": []
  },
  {
    "car": {
      "Make": "Lamborghini",
      "Model": "Diablo",
      "TravelledDistance": 379116231
    },
    "parts": []
  },
  {
    "car": {
      "Make": "Ferrari",
      "Model": "250 GTO",
      "TravelledDistance": 496765811
    },
    "parts": []
  },
  {
    "car": {
      "Make": "Ferrari",
      "Model": "Enzo",
      "TravelledDistance": 497163085
    },
    "parts": []
  },
  {
    "car": {
      "Make": "Peugeot",
      "Model": "206",
      "TravelledDistance": 471512014
    },
    "parts": []
  },
  {
    "car": {
      "Make": "Peugeot",
      "Model": "405",
      "TravelledDistance": 428581244
    },
    "parts": []
  },
  {
    "car": {
      "Make": "Peugeot",
      "Model": "206",
      "TravelledDistance": 225031436
    },
    "parts": []
  },
  {
    "car": {
      "Make": "Alfa Romeo",
      "Model": "75",
      "TravelledDistance": 492649694
    },
    "parts": []
  },
  {
    "car": {
      "Make": "Alfa Romeo",
      "Model": "Giulietta",
      "TravelledDistance": 193584127
    },
    "parts": []
  },
  {
    "car": {
      "Make": "Alfa Romeo",
      "Model": "156",
      "TravelledDistance": 274003107
    },
    "parts": []
  },
  {
    "car": {
      "Make": "Alfa Romeo",
      "Model": "Giulietta",
      "TravelledDistance": 519844092
    },
    "parts": []
  },
  {
    "car": {
      "Make": "Alfa Romeo",
      "Model": "75",
      "TravelledDistance": 512903265
    },
    "parts": []
  },
  {
    "car": {
      "Make": "Ferrari",
      "Model": "275",
      "TravelledDistance": 164216748
    },
    "parts": []
  },
  {
    "car": {
      "Make": "Alfa Romeo",
      "Model": "164",
      "TravelledDistance": 385298945
    },
    "parts": []
  },
  {
    "car": {
      "Make": "Alfa Romeo",
      "Model": "156",
      "TravelledDistance": 434781563
    },
    "parts": []
  },
  {
    "car": {
      "Make": "Alfa Romeo",
      "Model": "AR51",
      "TravelledDistance": 273101528
    },
    "parts": []
  },
  {
    "car": {
      "Make": "Alfa Romeo",
      "Model": "75",
      "TravelledDistance": 338929990
    },
    "parts": []
  },
  {
    "car": {
      "Make": "Alfa Romeo",
      "Model": "Alfetta",
      "TravelledDistance": 227419636
    },
    "parts": []
  },
  {
    "car": {
      "Make": "Alfa Romeo",
      "Model": "AR51",
      "TravelledDistance": 452362116
    },
    "parts": []
  },
  {
    "car": {
      "Make": "Alfa Romeo",
      "Model": "Giulietta",
      "TravelledDistance": 128074332
    },
    "parts": []
  },
  {
    "car": {
      "Make": "Alfa Romeo",
      "Model": "Giulia",
      "TravelledDistance": 451741545
    },
    "parts": []
  },
  {
    "car": {
      "Make": "Ferrari",
      "Model": "Daytona",
      "TravelledDistance": 293676308
    },
    "parts": []
  },
  {
    "car": {
      "Make": "Alfa Romeo",
      "Model": "Giulietta",
      "TravelledDistance": 436415485
    },
    "parts": []
  },
  {
    "car": {
      "Make": "Lamborghini",
      "Model": "Murciélago",
      "TravelledDistance": 344136052
    },
    "parts": []
  },
  {
    "car": {
      "Make": "Lamborghini",
      "Model": "Gallardo",
      "TravelledDistance": 145640651
    },
    "parts": []
  },
  {
    "car": {
      "Make": "Rolls-Royce",
      "Model": "Phantom Drophead Coupé",
      "TravelledDistance": 483029198
    },
    "parts": []
  },
  {
    "car": {
      "Make": "Chevy",
      "Model": "Camaro",
      "TravelledDistance": 265890224
    },
    "parts": []
  },
  {
    "car": {
      "Make": "Chevy",
      "Model": "Malibu",
      "TravelledDistance": 127614006
    },
    "parts": []
  },
  {
    "car": {
      "Make": "Chevy",
      "Model": "Caprice",
      "TravelledDistance": 401020251
    },
    "parts": []
  },
  {
    "car": {
      "Make": "Chevy",
      "Model": "Camaro",
      "TravelledDistance": 472935290
    },
    "parts": []
  },
  {
    "car": {
      "Make": "Chevy",
      "Model": "Caprice",
      "TravelledDistance": 48720733
    },
    "parts": []
  },
  {
    "car": {
      "Make": "Chevy",
      "Model": "Camaro",
      "TravelledDistance": 140281843
    },
    "parts": []
  },
  {
    "car": {
      "Make": "Renault",
      "Model": "Espace",
      "TravelledDistance": 379189144
    },
    "parts": []
  },
  {
    "car": {
      "Make": "Renault",
      "Model": "Captur",
      "TravelledDistance": 515034479
    },
    "parts": []
  },
  {
    "car": {
      "Make": "Chevy",
      "Model": "Impala",
      "TravelledDistance": 156401301
    },
    "parts": []
  },
  {
    "car": {
      "Make": "Renault",
      "Model": "Alaskan",
      "TravelledDistance": 392193253
    },
    "parts": []
  },
  {
    "car": {
      "Make": "Renault",
      "Model": "Alaskan",
      "TravelledDistance": 17909035
    },
    "parts": []
  },
  {
    "car": {
      "Make": "Renault",
      "Model": "Captur",
      "TravelledDistance": 104305182
    },
    "parts": []
  },
  {
    "car": {
      "Make": "Renault",
      "Model": "Alaskan",
      "TravelledDistance": 303853081
    },
    "parts": []
  },
  {
    "car": {
      "Make": "Renault",
      "Model": "Duster",
      "TravelledDistance": 198197668
    },
    "parts": []
  },
  {
    "car": {
      "Make": "Renault",
      "Model": "Clio IV",
      "TravelledDistance": 410170426
    },
    "parts": []
  },
  {
    "car": {
      "Make": "Renault",
      "Model": "Alaskan",
      "TravelledDistance": 147141364
    },
    "parts": []
  },
  {
    "car": {
      "Make": "Renault",
      "Model": "Duster",
      "TravelledDistance": 451149098
    },
    "parts": []
  },
  {
    "car": {
      "Make": "Renault",
      "Model": "Alaskan",
      "TravelledDistance": 305807332
    },
    "parts": []
  },
  {
    "car": {
      "Make": "Renault",
      "Model": "Espace",
      "TravelledDistance": 29567678
    },
    "parts": []
  },
  {
    "car": {
      "Make": "Chevy",
      "Model": "Malibu",
      "TravelledDistance": 250044709
    },
    "parts": []
  },
  {
    "car": {
      "Make": "Chevy",
      "Model": "Impala",
      "TravelledDistance": 19486044
    },
    "parts": []
  },
  {
    "car": {
      "Make": "Chevy",
      "Model": "Camaro",
      "TravelledDistance": 152312063
    },
    "parts": []
  },
  {
    "car": {
      "Make": "Rolls-Royce",
      "Model": "Wraith",
      "TravelledDistance": 193890679
    },
    "parts": []
  },
  {
    "car": {
      "Make": "Rolls-Royce",
      "Model": "Phantom Drophead Coupé",
      "TravelledDistance": 261927306
    },
    "parts": []
  },
  {
    "car": {
      "Make": "Rolls-Royce",
      "Model": "Wraith",
      "TravelledDistance": 305587766
    },
    "parts": []
  },
  {
    "car": {
      "Make": "Rolls-Royce",
      "Model": "Ghost",
      "TravelledDistance": 278821902
    },
    "parts": []
  },
  {
    "car": {
      "Make": "Rolls-Royce",
      "Model": "Phantom",
      "TravelledDistance": 327285667
    },
    "parts": []
  },
  {
    "car": {
      "Make": "Rolls-Royce",
      "Model": "Dawn",
      "TravelledDistance": 202157384
    },
    "parts": []
  },
  {
    "car": {
      "Make": "Rolls-Royce",
      "Model": "Ghost",
      "TravelledDistance": 496937828
    },
    "parts": []
  },
  {
    "car": {
      "Make": "Rolls-Royce",
      "Model": "Phantom",
      "TravelledDistance": 225233067
    },
    "parts": []
  },
  {
    "car": {
      "Make": "Rolls-Royce",
      "Model": "Phantom Drophead Coupé",
      "TravelledDistance": 260653592
    },
    "parts": []
  },
  {
    "car": {
      "Make": "Rolls-Royce",
      "Model": "Phantom",
      "TravelledDistance": 208114157
    },
    "parts": []
  },
  {
    "car": {
      "Make": "Chevy",
      "Model": "Matiz",
      "TravelledDistance": 274054974
    },
    "parts": []
  },
  {
    "car": {
      "Make": "Chevy",
      "Model": "Caprice",
      "TravelledDistance": 338430654
    },
    "parts": []
  },
  {
    "car": {
      "Make": "Chevy",
      "Model": "Cruze",
      "TravelledDistance": 366224374
    },
    "parts": []
  },
  {
    "car": {
      "Make": "Chevy",
      "Model": "Caprice",
      "TravelledDistance": 247321209
    },
    "parts": []
  },
  {
    "car": {
      "Make": "Chevy",
      "Model": "Camaro",
      "TravelledDistance": 354394122
    },
    "parts": []
  },
  {
    "car": {
      "Make": "Chevy",
      "Model": "Corvette",
      "TravelledDistance": 314764731
    },
    "parts": []
  },
  {
    "car": {
      "Make": "Chevy",
      "Model": "Cruze",
      "TravelledDistance": 333261359
    },
    "parts": []
  },
  {
    "car": {
      "Make": "Chevy",
      "Model": "Corvette",
      "TravelledDistance": 520332790
    },
    "parts": []
  },
  {
    "car": {
      "Make": "Chevy",
      "Model": "Camaro",
      "TravelledDistance": 478411784
    },
    "parts": []
  },
  {
    "car": {
      "Make": "Peugeot",
      "Model": "405",
      "TravelledDistance": 255575847
    },
    "parts": []
  },
  {
    "car": {
      "Make": "Peugeot",
      "Model": "306",
      "TravelledDistance": 138733144
    },
    "parts": []
  },
  {
    "car": {
      "Make": "Peugeot",
      "Model": "308",
      "TravelledDistance": 235475304
    },
    "parts": []
  },
  {
    "car": {
      "Make": "Peugeot",
      "Model": "407",
      "TravelledDistance": 497809602
    },
    "parts": []
  },
  {
    "car": {
      "Make": "Skoda",
      "Model": "Citigo",
      "TravelledDistance": 186951373
    },
    "parts": []
  },
  {
    "car": {
      "Make": "Skoda",
      "Model": "Citigo",
      "TravelledDistance": 326326638
    },
    "parts": []
  },
  {
    "car": {
      "Make": "Skoda",
      "Model": "Rapid Spaceback",
      "TravelledDistance": 477031551
    },
    "parts": []
  },
  {
    "car": {
      "Make": "Skoda",
      "Model": "Citigo",
      "TravelledDistance": 353678487
    },
    "parts": []
  },
  {
    "car": {
      "Make": "Seat",
      "Model": "Mii",
      "TravelledDistance": 20379344
    },
    "parts": []
  },
  {
    "car": {
      "Make": "Seat",
      "Model": "Toledo",
      "TravelledDistance": 172222867
    },
    "parts": []
  },
  {
    "car": {
      "Make": "Seat",
      "Model": "Ibiza",
      "TravelledDistance": 390958489
    },
    "parts": []
  },
  {
    "car": {
      "Make": "Seat",
      "Model": "Toledo",
      "TravelledDistance": 196618703
    },
    "parts": []
  },
  {
    "car": {
      "Make": "Skoda",
      "Model": "Citigo",
      "TravelledDistance": 334919977
    },
    "parts": []
  },
  {
    "car": {
      "Make": "Seat",
      "Model": "Mii",
      "TravelledDistance": 306842982
    },
    "parts": []
  },
  {
    "car": {
      "Make": "Seat",
      "Model": "Mii",
      "TravelledDistance": 485157233
    },
    "parts": []
  },
  {
    "car": {
      "Make": "Seat",
      "Model": "Ibiza",
      "TravelledDistance": 197399178
    },
    "parts": []
  },
  {
    "car": {
      "Make": "Seat",
      "Model": "Toledo",
      "TravelledDistance": 453385478
    },
    "parts": []
  },
  {
    "car": {
      "Make": "Seat",
      "Model": "Toledo",
      "TravelledDistance": 43341591
    },
    "parts": []
  },
  {
    "car": {
      "Make": "Seat",
      "Model": "Mii",
      "TravelledDistance": 473519569
    },
    "parts": []
  },
  {
    "car": {
      "Make": "Seat",
      "Model": "Ibiza",
      "TravelledDistance": 182688172
    },
    "parts": []
  },
  {
    "car": {
      "Make": "Seat",
      "Model": "Mii",
      "TravelledDistance": 508783407
    },
    "parts": []
  },
  {
    "car": {
      "Make": "Seat",
      "Model": "Ibiza",
      "TravelledDistance": 333280407
    },
    "parts": []
  },
  {
    "car": {
      "Make": "Seat",
      "Model": "Toledo",
      "TravelledDistance": 266451047
    },
    "parts": []
  },
  {
    "car": {
      "Make": "Skoda",
      "Model": "Fabia",
      "TravelledDistance": 506138915
    },
    "parts": []
  },
  {
    "car": {
      "Make": "Skoda",
      "Model": "Citigo",
      "TravelledDistance": 46712305
    },
    "parts": []
  },
  {
    "car": {
      "Make": "Skoda",
      "Model": "Fabia",
      "TravelledDistance": 57662452
    },
    "parts": []
  },
  {
    "car": {
      "Make": "Dacia",
      "Model": "Sandero Stepway",
      "TravelledDistance": 279714744
    },
    "parts": []
  },
  {
    "car": {
      "Make": "Dacia",
      "Model": "Duster",
      "TravelledDistance": 423453236
    },
    "parts": []
  },
  {
    "car": {
      "Make": "Dacia",
      "Model": "Logan",
      "TravelledDistance": 315644424
    },
    "parts": []
  },
  {
    "car": {
      "Make": "Dacia",
      "Model": "Dokker",
      "TravelledDistance": 294315564
    },
    "parts": []
  },
  {
    "car": {
      "Make": "Dacia",
      "Model": "Sandero",
      "TravelledDistance": 410003689
    },
    "parts": []
  },
  {
    "car": {
      "Make": "Dacia",
      "Model": "Dokker",
      "TravelledDistance": 316948000
    },
    "parts": []
  },
  {
    "car": {
      "Make": "Dacia",
      "Model": "Logan",
      "TravelledDistance": 84177042
    },
    "parts": []
  },
  {
    "car": {
      "Make": "Dacia",
      "Model": "Logan",
      "TravelledDistance": 459233576
    },
    "parts": []
  },
  {
    "car": {
      "Make": "Dacia",
      "Model": "Sandero",
      "TravelledDistance": 451514728
    },
    "parts": []
  },
  {
    "car": {
      "Make": "Dacia",
      "Model": "Dokker",
      "TravelledDistance": 73324963
    },
    "parts": []
  },
  {
    "car": {
      "Make": "Dacia",
      "Model": "Sandero",
      "TravelledDistance": 443192096
    },
    "parts": []
  },
  {
    "car": {
      "Make": "Dacia",
      "Model": "Sandero Stepway",
      "TravelledDistance": 249776933
    },
    "parts": []
  },
  {
    "car": {
      "Make": "Dacia",
      "Model": "Logan",
      "TravelledDistance": 71570263
    },
    "parts": []
  },
  {
    "car": {
      "Make": "Skoda",
      "Model": "Fabia",
      "TravelledDistance": 520029040
    },
    "parts": []
  },
  {
    "car": {
      "Make": "Skoda",
      "Model": "Rapid Spaceback",
      "TravelledDistance": 371247268
    },
    "parts": []
  },
  {
    "car": {
      "Make": "Skoda",
      "Model": "Rapid",
      "TravelledDistance": 490651056
    },
    "parts": []
  },
  {
    "car": {
      "Make": "Skoda",
      "Model": "Fabia",
      "TravelledDistance": 231485138
    },
    "parts": []
  },
  {
    "car": {
      "Make": "Skoda",
      "Model": "Fabia",
      "TravelledDistance": 58958961
    },
    "parts": []
  },
  {
    "car": {
      "Make": "Skoda",
      "Model": "Rapid",
      "TravelledDistance": 267561546
    },
    "parts": []
  },
  {
    "car": {
      "Make": "Seat",
      "Model": "Mii",
      "TravelledDistance": 304944609
    },
    "parts": []
  },
  {
    "car": {
      "Make": "Renault",
      "Model": "Alaskan",
      "TravelledDistance": 268240617
    },
    "parts": []
  },
  {
    "car": {
      "Make": "Seat",
      "Model": "Toledo",
      "TravelledDistance": 144201918
    },
    "parts": []
  },
  {
    "car": {
      "Make": "Citroen",
      "Model": "C1",
      "TravelledDistance": 505029588
    },
    "parts": []
  },
  {
    "car": {
      "Make": "Citroen",
      "Model": "Berlingo",
      "TravelledDistance": 436804201
    },
    "parts": []
  },
  {
    "car": {
      "Make": "Citroen",
      "Model": "C1",
      "TravelledDistance": 396754068
    },
    "parts": []
  },
  {
    "car": {
      "Make": "Citroen",
      "Model": "Berlingo",
      "TravelledDistance": 242536078
    },
    "parts": []
  },
  {
    "car": {
      "Make": "Peugeot",
      "Model": "206",
      "TravelledDistance": 130139399
    },
    "parts": []
  },
  {
    "car": {
      "Make": "Peugeot",
      "Model": "206",
      "TravelledDistance": 167257947
    },
    "parts": []
  },
  {
    "car": {
      "Make": "Peugeot",
      "Model": "308",
      "TravelledDistance": 63428253
    },
    "parts": []
  },
  {
    "car": {
      "Make": "Peugeot",
      "Model": "405",
      "TravelledDistance": 319350232
    },
    "parts": []
  },
  {
    "car": {
      "Make": "Peugeot",
      "Model": "306",
      "TravelledDistance": 72195908
    },
    "parts": []
  },
  {
    "car": {
      "Make": "Citroen",
      "Model": "C5",
      "TravelledDistance": 32203443
    },
    "parts": []
  },
  {
    "car": {
      "Make": "Peugeot",
      "Model": "405",
      "TravelledDistance": 225997773
    },
    "parts": []
  },
  {
    "car": {
      "Make": "Peugeot",
      "Model": "206",
      "TravelledDistance": 310013429
    },
    "parts": []
  },
  {
    "car": {
      "Make": "Peugeot",
      "Model": "407",
      "TravelledDistance": 336906707
    },
    "parts": []
  },
  {
    "car": {
      "Make": "Peugeot",
      "Model": "206",
      "TravelledDistance": 312468347
    },
    "parts": []
  },
  {
    "car": {
      "Make": "Peugeot",
      "Model": "407",
      "TravelledDistance": 422154829
    },
    "parts": []
  },
  {
    "car": {
      "Make": "Peugeot",
      "Model": "306",
      "TravelledDistance": 201912836
    },
    "parts": []
  },
  {
    "car": {
      "Make": "Peugeot",
      "Model": "405",
      "TravelledDistance": 179145987
    },
    "parts": []
  },
  {
    "car": {
      "Make": "Peugeot",
      "Model": "308",
      "TravelledDistance": 229420070
    },
    "parts": []
  },
  {
    "car": {
      "Make": "Peugeot",
      "Model": "306",
      "TravelledDistance": 343442559
    },
    "parts": []
  },
  {
    "car": {
      "Make": "Peugeot",
      "Model": "308",
      "TravelledDistance": 454503627
    },
    "parts": []
  },
  {
    "car": {
      "Make": "Citroen",
      "Model": "C5",
      "TravelledDistance": 347651789
    },
    "parts": []
  },
  {
    "car": {
      "Make": "Citroen",
      "Model": "C8",
      "TravelledDistance": 48263045
    },
    "parts": []
  },
  {
    "car": {
      "Make": "Citroen",
      "Model": "Elysée",
      "TravelledDistance": 4120281
    },
    "parts": []
  },
  {
    "car": {
      "Make": "Citroen",
      "Model": "C5",
      "TravelledDistance": 476502389
    },
    "parts": []
  },
  {
    "car": {
      "Make": "Citroen",
      "Model": "C1",
      "TravelledDistance": 339260713
    },
    "parts": []
  },
  {
    "car": {
      "Make": "Citroen",
      "Model": "C3",
      "TravelledDistance": 295402694
    },
    "parts": []
  },
  {
    "car": {
      "Make": "Citroen",
      "Model": "C4",
      "TravelledDistance": 404134333
    },
    "parts": []
  },
  {
    "car": {
      "Make": "Citroen",
      "Model": "C1",
      "TravelledDistance": 130512554
    },
    "parts": []
  },
  {
    "car": {
      "Make": "Citroen",
      "Model": "Elysée",
      "TravelledDistance": 277281794
    },
    "parts": []
  },
  {
    "car": {
      "Make": "Citroen",
      "Model": "C3",
      "TravelledDistance": 486926519
    },
    "parts": []
  },
  {
    "car": {
      "Make": "Citroen",
      "Model": "C1",
      "TravelledDistance": 174494239
    },
    "parts": []
  },
  {
    "car": {
      "Make": "Citroen",
      "Model": "C8",
      "TravelledDistance": 118984206
    },
    "parts": []
  },
  {
    "car": {
      "Make": "Citroen",
      "Model": "C3",
      "TravelledDistance": 404111136
    },
    "parts": []
  },
  {
    "car": {
      "Make": "Citroen",
      "Model": "C5",
      "TravelledDistance": 98486390
    },
    "parts": []
  },
  {
    "car": {
      "Make": "Citroen",
      "Model": "C1",
      "TravelledDistance": 498211182
    },
    "parts": []
  },
  {
    "car": {
      "Make": "Citroen",
      "Model": "C4",
      "TravelledDistance": 501689589
    },
    "parts": []
  },
  {
    "car": {
      "Make": "Citroen",
      "Model": "C1",
      "TravelledDistance": 389207601
    },
    "parts": []
  },
  {
    "car": {
      "Make": "Citroen",
      "Model": "C3",
      "TravelledDistance": 214064329
    },
    "parts": []
  },
  {
    "car": {
      "Make": "Citroen",
      "Model": "C1",
      "TravelledDistance": 447103875
    },
    "parts": []
  },
  {
    "car": {
      "Make": "Citroen",
      "Model": "C5",
      "TravelledDistance": 38829917
    },
    "parts": []
  },
  {
    "car": {
      "Make": "Citroen",
      "Model": "C4",
      "TravelledDistance": 385550653
    },
    "parts": []
  },
  {
    "car": {
      "Make": "Citroen",
      "Model": "C1",
      "TravelledDistance": 217089114
    },
    "parts": []
  },
  {
    "car": {
      "Make": "Citroen",
      "Model": "C8",
      "TravelledDistance": 309422851
    },
    "parts": []
  },
  {
    "car": {
      "Make": "Renault",
      "Model": "Duster",
      "TravelledDistance": 275222997
    },
    "parts": []
  },
  {
    "car": {
      "Make": "Renault",
      "Model": "Clio IV",
      "TravelledDistance": 225782314
    },
    "parts": []
  },
  {
    "car": {
      "Make": "Renault",
      "Model": "Alaskan",
      "TravelledDistance": 284369351
    },
    "parts": []
  },
  {
    "car": {
      "Make": "Mercedes",
      "Model": "A 160",
      "TravelledDistance": 69932764
    },
    "parts": []
  },
  {
    "car": {
      "Make": "Mercedes",
      "Model": "W212",
      "TravelledDistance": 352906120
    },
    "parts": []
  },
  {
    "car": {
      "Make": "Mercedes",
      "Model": "A 140",
      "TravelledDistance": 127050841
    },
    "parts": []
  },
  {
    "car": {
      "Make": "Fiat",
      "Model": "500L",
      "TravelledDistance": 294377378
    },
    "parts": []
  },
  {
    "car": {
      "Make": "Fiat",
      "Model": "Freemont",
      "TravelledDistance": 370538088
    },
    "parts": []
  },
  {
    "car": {
      "Make": "Fiat",
      "Model": "500 (2007) Abarth 695 Tributo Maserati",
      "TravelledDistance": 250201285
    },
    "parts": []
  },
  {
    "car": {
      "Make": "Fiat",
      "Model": "Panda 4x4",
      "TravelledDistance": 507365630
    },
    "parts": []
  },
  {
    "car": {
      "Make": "Fiat",
      "Model": "Freemont",
      "TravelledDistance": 476416173
    },
    "parts": []
  },
  {
    "car": {
      "Make": "Mercedes",
      "Model": "A 160 CDI",
      "TravelledDistance": 2043780
    },
    "parts": []
  },
  {
    "car": {
      "Make": "Fiat",
      "Model": "500L",
      "TravelledDistance": 414493068
    },
    "parts": []
  },
  {
    "car": {
      "Make": "Fiat",
      "Model": "500 (2007) Abarth 695 Tributo Maserati",
      "TravelledDistance": 255814652
    },
    "parts": []
  },
  {
    "car": {
      "Make": "Fiat",
      "Model": "500L",
      "TravelledDistance": 418573870
    },
    "parts": []
  },
  {
    "car": {
      "Make": "Fiat",
      "Model": "500L",
      "TravelledDistance": 450106773
    },
    "parts": []
  },
  {
    "car": {
      "Make": "Fiat",
      "Model": "Panda 4x4 Antarctica",
      "TravelledDistance": 147310005
    },
    "parts": []
  },
  {
    "car": {
      "Make": "Fiat",
      "Model": "Panda 4x4",
      "TravelledDistance": 506281363
    },
    "parts": []
  },
  {
    "car": {
      "Make": "Fiat",
      "Model": "Freemont",
      "TravelledDistance": 46079092
    },
    "parts": []
  },
  {
    "car": {
      "Make": "Fiat",
      "Model": "Panda",
      "TravelledDistance": 356486400
    },
    "parts": []
  },
  {
    "car": {
      "Make": "Fiat",
      "Model": "500L",
      "TravelledDistance": 363056661
    },
    "parts": []
  },
  {
    "car": {
      "Make": "Fiat",
      "Model": "Panda",
      "TravelledDistance": 165915677
    },
    "parts": []
  },
  {
    "car": {
      "Make": "Mercedes",
      "Model": "W212",
      "TravelledDistance": 103410558
    },
    "parts": []
  },
  {
    "car": {
      "Make": "Mercedes",
      "Model": "W202",
      "TravelledDistance": 376376181
    },
    "parts": []
  },
  {
    "car": {
      "Make": "Mercedes",
      "Model": "W211",
      "TravelledDistance": 501021413
    },
    "parts": []
  },
  {
    "car": {
      "Make": "Ford",
      "Model": "Taurus",
      "TravelledDistance": 403810025
    },
    "parts": []
  },
  {
    "car": {
      "Make": "Ford",
      "Model": "Pinto",
      "TravelledDistance": 416418181
    },
    "parts": []
  },
  {
    "car": {
      "Make": "Ford",
      "Model": "Fiesta",
      "TravelledDistance": 301180732
    },
    "parts": []
  },
  {
    "car": {
      "Make": "Ford",
      "Model": "Torino",
      "TravelledDistance": 450867168
    },
    "parts": []
  },
  {
    "car": {
      "Make": "Ford",
      "Model": "Pinto",
      "TravelledDistance": 288047842
    },
    "parts": []
  },
  {
    "car": {
      "Make": "Ford",
      "Model": "Fiesta",
      "TravelledDistance": 344433379
    },
    "parts": []
  },
  {
    "car": {
      "Make": "Mercedes",
      "Model": "W212",
      "TravelledDistance": 55397761
    },
    "parts": []
  },
  {
    "car": {
      "Make": "Mercedes",
      "Model": "W124",
      "TravelledDistance": 41606319
    },
    "parts": []
  },
  {
    "car": {
      "Make": "Mercedes",
      "Model": "W204",
      "TravelledDistance": 134106055
    },
    "parts": []
  },
  {
    "car": {
      "Make": "Mercedes",
      "Model": "W210",
      "TravelledDistance": 181844305
    },
    "parts": []
  },
  {
    "car": {
      "Make": "Mercedes",
      "Model": "W211",
      "TravelledDistance": 130475765
    },
    "parts": []
  },
  {
    "car": {
      "Make": "Mercedes",
      "Model": "W203",
      "TravelledDistance": 259511953
    },
    "parts": []
  },
  {
    "car": {
      "Make": "Mercedes",
      "Model": "W212",
      "TravelledDistance": 278080805
    },
    "parts": []
  },
  {
    "car": {
      "Make": "Mercedes",
      "Model": "W211",
      "TravelledDistance": 132956063
    },
    "parts": []
  },
  {
    "car": {
      "Make": "Mercedes",
      "Model": "W202",
      "TravelledDistance": 402675300
    },
    "parts": []
  },
  {
    "car": {
      "Make": "Mercedes",
      "Model": "W210",
      "TravelledDistance": 461671208
    },
    "parts": []
  },
  {
    "car": {
      "Make": "Mercedes",
      "Model": "W124",
      "TravelledDistance": 453245765
    },
    "parts": []
  },
  {
    "car": {
      "Make": "Mercedes",
      "Model": "W212",
      "TravelledDistance": 437173024
    },
    "parts": []
  },
  {
    "car": {
      "Make": "Mercedes",
      "Model": "A 170 CDI",
      "TravelledDistance": 203728907
    },
    "parts": []
  },
  {
    "car": {
      "Make": "Fiat",
      "Model": "Freemont",
      "TravelledDistance": 291375480
    },
    "parts": []
  },
  {
    "car": {
      "Make": "Ford",
      "Model": "Fiesta",
      "TravelledDistance": 37085116
    },
    "parts": []
  },
  {
    "car": {
      "Make": "Fiat",
      "Model": "Panda",
      "TravelledDistance": 271974888
    },
    "parts": []
  },
  {
    "car": {
      "Make": "Fiat",
      "Model": "Panda 4x4 Antarctica",
      "TravelledDistance": 388951228
    },
    "parts": []
  },
  {
    "car": {
      "Make": "Opel",
      "Model": "Omega",
      "TravelledDistance": 277250812
    },
    "parts": []
  },
  {
    "car": {
      "Make": "Opel",
      "Model": "Corsa",
      "TravelledDistance": 267253567
    },
    "parts": []
  },
  {
    "car": {
      "Make": "Opel",
      "Model": "Omega",
      "TravelledDistance": 254808828
    },
    "parts": []
  },
  {
    "car": {
      "Make": "Opel",
      "Model": "Insignia",
      "TravelledDistance": 339785118
    },
    "parts": []
  },
  {
    "car": {
      "Make": "Opel",
      "Model": "Corsa",
      "TravelledDistance": 241891505
    },
    "parts": []
  },
  {
    "car": {
      "Make": "Opel",
      "Model": "Omega",
      "TravelledDistance": 109910837
    },
    "parts": []
  },
  {
    "car": {
      "Make": "Opel",
      "Model": "Astra",
      "TravelledDistance": 349837452
    },
    "parts": []
  },
  {
    "car": {
      "Make": "Opel",
      "Model": "Vectra",
      "TravelledDistance": 433351992
    },
    "parts": []
  },
  {
    "car": {
      "Make": "BMW",
      "Model": "F20",
      "TravelledDistance": 401291910
    },
    "parts": []
  },
  {
    "car": {
      "Make": "Opel",
      "Model": "Insignia",
      "TravelledDistance": 168539389
    },
    "parts": []
  },
  {
    "car": {
      "Make": "Opel",
      "Model": "Corsa",
      "TravelledDistance": 282499542
    },
    "parts": []
  },
  {
    "car": {
      "Make": "Opel",
      "Model": "Astra",
      "TravelledDistance": 31468479
    },
    "parts": []
  },
  {
    "car": {
      "Make": "Opel",
      "Model": "Insignia",
      "TravelledDistance": 225253817
    },
    "parts": []
  },
  {
    "car": {
      "Make": "Opel",
      "Model": "Vectra",
      "TravelledDistance": 238042093
    },
    "parts": []
  },
  {
    "car": {
      "Make": "Opel",
      "Model": "Kadet",
      "TravelledDistance": 31737446
    },
    "parts": []
  },
  {
    "car": {
      "Make": "Opel",
      "Model": "Corsa",
      "TravelledDistance": 347259126
    },
    "parts": []
  },
  {
    "car": {
      "Make": "Opel",
      "Model": "Astra",
      "TravelledDistance": 156191509
    },
    "parts": []
  },
  {
    "car": {
      "Make": "Opel",
      "Model": "Astra",
      "TravelledDistance": 516628215
    },
    "parts": []
  },
  {
    "car": {
      "Make": "Opel",
      "Model": "Omega",
      "TravelledDistance": 111313670
    },
    "parts": []
  },
  {
    "car": {
      "Make": "BMW",
      "Model": "F25",
      "TravelledDistance": 476132712
    },
    "parts": []
  },
  {
    "car": {
      "Make": "BMW",
      "Model": "M5 F10",
      "TravelledDistance": 140799461
    },
    "parts": []
  },
  {
    "car": {
      "Make": "BMW",
      "Model": "F04",
      "TravelledDistance": 418839575
    },
    "parts": []
  },
  {
    "car": {
      "Make": "Fiat",
      "Model": "500 (2007) Abarth 695 Tributo Maserati",
      "TravelledDistance": 73917184
    },
    "parts": []
  },
  {
    "car": {
      "Make": "Fiat",
      "Model": "Panda 4x4 Antarctica",
      "TravelledDistance": 501838637
    },
    "parts": []
  },
  {
    "car": {
      "Make": "Fiat",
      "Model": "Panda",
      "TravelledDistance": 1591174
    },
    "parts": []
  },
  {
    "car": {
      "Make": "BMW",
      "Model": "M6 E63",
      "TravelledDistance": 243205800
    },
    "parts": []
  },
  {
    "car": {
      "Make": "BMW",
      "Model": "F20",
      "TravelledDistance": 171765152
    },
    "parts": []
  },
  {
    "car": {
      "Make": "BMW",
      "Model": "F04",
      "TravelledDistance": 265166885
    },
    "parts": []
  },
  {
    "car": {
      "Make": "BMW",
      "Model": "X6 M",
      "TravelledDistance": 183346013
    },
    "parts": []
  },
  {
    "car": {
      "Make": "BMW",
      "Model": "F20",
      "TravelledDistance": 284809463
    },
    "parts": []
  },
  {
    "car": {
      "Make": "BMW",
      "Model": "X6 M",
      "TravelledDistance": 227443571
    },
    "parts": []
  },
  {
    "car": {
      "Make": "BMW",
      "Model": "M5 F10",
      "TravelledDistance": 435603343
    },
    "parts": []
  },
  {
    "car": {
      "Make": "BMW",
      "Model": "F04",
      "TravelledDistance": 443756363
    },
    "parts": []
  },
  {
    "car": {
      "Make": "BMW",
      "Model": "F20",
      "TravelledDistance": 487897422
    },
    "parts": []
  },
  {
    "car": {
      "Make": "BMW",
      "Model": "M6 E63",
      "TravelledDistance": 69863204
    },
    "parts": []
  },
  {
    "car": {
      "Make": "BMW",
      "Model": "M6 E63",
      "TravelledDistance": 57189891
    },
    "parts": []
  },
  {
    "car": {
      "Make": "BMW",
      "Model": "E67",
      "TravelledDistance": 476830509
    },
    "parts": []
  },
  {
    "car": {
      "Make": "BMW",
      "Model": "X6 M",
      "TravelledDistance": 322292247
    },
    "parts": []
  },
  {
    "car": {
      "Make": "BMW",
      "Model": "1M Coupe",
      "TravelledDistance": 39826890
    },
    "parts": []
  },
  {
    "car": {
      "Make": "BMW",
      "Model": "M Roadster E85",
      "TravelledDistance": 475685374
    },
    "parts": []
  },
  {
    "car": {
      "Make": "BMW",
      "Model": "E88",
      "TravelledDistance": 27453411
    },
    "parts": []
  },
  {
    "car": {
      "Make": "Fiat",
      "Model": "Panda 4x4",
      "TravelledDistance": 94291695
    },
    "parts": []
  },
  {
    "car": {
      "Make": "Dacia",
      "Model": "Duster",
      "TravelledDistance": 297581436
    },
    "parts": []
  },
  {
    "car": {
      "Make": "Ford",
      "Model": "Torino",
      "TravelledDistance": 440155426
    },
    "parts": []
  },
  {
    "car": {
      "Make": "Ford",
      "Model": "GT40",
      "TravelledDistance": 85557373
    },
    "parts": []
  },
  {
    "car": {
      "Make": "Nissan",
      "Model": "370Z",
      "TravelledDistance": 363918741
    },
    "parts": []
  },
  {
    "car": {
      "Make": "Nissan",
      "Model": "Altima",
      "TravelledDistance": 407562858
    },
    "parts": []
  },
  {
    "car": {
      "Make": "Nissan",
      "Model": "GT-R",
      "TravelledDistance": 197599645
    },
    "parts": []
  },
  {
    "car": {
      "Make": "Nissan",
      "Model": "Altima",
      "TravelledDistance": 393081223
    },
    "parts": []
  },
  {
    "car": {
      "Make": "Nissan",
      "Model": "370Z",
      "TravelledDistance": 135897329
    },
    "parts": []
  },
  {
    "car": {
      "Make": "Nissan",
      "Model": "Altima",
      "TravelledDistance": 457486023
    },
    "parts": []
  },
  {
    "car": {
      "Make": "Nissan",
      "Model": "370Z",
      "TravelledDistance": 91596434
    },
    "parts": []
  },
  {
    "car": {
      "Make": "Nissan",
      "Model": "370Z",
      "TravelledDistance": 284500319
    },
    "parts": []
  },
  {
    "car": {
      "Make": "Nissan",
      "Model": "GT-R",
      "TravelledDistance": 326260222
    },
    "parts": []
  },
  {
    "car": {
      "Make": "Nissan",
      "Model": "GT-R",
      "TravelledDistance": 312316612
    },
    "parts": []
  },
  {
    "car": {
      "Make": "Nissan",
      "Model": "GT-R",
      "TravelledDistance": 12420594
    },
    "parts": []
  },
  {
    "car": {
      "Make": "Nissan",
      "Model": "370Z",
      "TravelledDistance": 59351269
    },
    "parts": []
  },
  {
    "car": {
      "Make": "Nissan",
      "Model": "GT-R",
      "TravelledDistance": 118192217
    },
    "parts": []
  },
  {
    "car": {
      "Make": "Nissan",
      "Model": "Altima",
      "TravelledDistance": 368986707
    },
    "parts": []
  },
  {
    "car": {
      "Make": "Nissan",
      "Model": "GT-R",
      "TravelledDistance": 94210828
    },
    "parts": []
  },
  {
    "car": {
      "Make": "Toyota",
      "Model": "Camry Hybrid",
      "TravelledDistance": 397831570
    },
    "parts": []
  },
  {
    "car": {
      "Make": "Toyota",
      "Model": "Tacoma",
      "TravelledDistance": 157810668
    },
    "parts": []
  },
  {
    "car": {
      "Make": "Toyota",
      "Model": "Prius",
      "TravelledDistance": 191675886
    },
    "parts": []
  },
  {
    "car": {
      "Make": "Nissan",
      "Model": "Altima",
      "TravelledDistance": 486257730
    },
    "parts": []
  },
  {
    "car": {
      "Make": "Nissan",
      "Model": "Versa",
      "TravelledDistance": 475666874
    },
    "parts": []
  },
  {
    "car": {
      "Make": "Nissan",
      "Model": "Altima",
      "TravelledDistance": 179796793
    },
    "parts": []
  },
  {
    "car": {
      "Make": "Nissan",
      "Model": "370Z",
      "TravelledDistance": 55268939
    },
    "parts": []
  },
  {
    "car": {
      "Make": "Great Wall",
      "Model": "Haval H6",
      "TravelledDistance": 515863753
    },
    "parts": []
  },
  {
    "car": {
      "Make": "Great Wall",
      "Model": "Haval M4",
      "TravelledDistance": 338663381
    },
    "parts": []
  },
  {
    "car": {
      "Make": "Great Wall",
      "Model": "Wingle 5",
      "TravelledDistance": 495225064
    },
    "parts": []
  },
  {
    "car": {
      "Make": "Great Wall",
      "Model": "Steed 3",
      "TravelledDistance": 431796268
    },
    "parts": []
  },
  {
    "car": {
      "Make": "Great Wall",
      "Model": "H8",
      "TravelledDistance": 261462447
    },
    "parts": []
  },
  {
    "car": {
      "Make": "Great Wall",
      "Model": "H2",
      "TravelledDistance": 438447396
    },
    "parts": []
  },
  {
    "car": {
      "Make": "Great Wall",
      "Model": "Haval M4",
      "TravelledDistance": 515523178
    },
    "parts": []
  },
  {
    "car": {
      "Make": "Great Wall",
      "Model": "H2",
      "TravelledDistance": 357701772
    },
    "parts": []
  },
  {
    "car": {
      "Make": "Nissan",
      "Model": "Versa",
      "TravelledDistance": 317911903
    },
    "parts": []
  },
  {
    "car": {
      "Make": "Nissan",
      "Model": "GT-R",
      "TravelledDistance": 122310701
    },
    "parts": []
  },
  {
    "car": {
      "Make": "Nissan",
      "Model": "Versa",
      "TravelledDistance": 440899435
    },
    "parts": []
  },
  {
    "car": {
      "Make": "Nissan",
      "Model": "Altima",
      "TravelledDistance": 187152855
    },
    "parts": []
  },
  {
    "car": {
      "Make": "Nissan",
      "Model": "GT-R",
      "TravelledDistance": 125157902
    },
    "parts": []
  },
  {
    "car": {
      "Make": "Nissan",
      "Model": "Rogue",
      "TravelledDistance": 310364796
    },
    "parts": []
  },
  {
    "car": {
      "Make": "Nissan",
      "Model": "Altima",
      "TravelledDistance": 95799498
    },
    "parts": []
  },
  {
    "car": {
      "Make": "Nissan",
      "Model": "GT-R",
      "TravelledDistance": 274678949
    },
    "parts": []
  },
  {
    "car": {
      "Make": "Nissan",
      "Model": "Altima",
      "TravelledDistance": 424117627
    },
    "parts": []
  },
  {
    "car": {
      "Make": "Nissan",
      "Model": "Rogue",
      "TravelledDistance": 114846152
    },
    "parts": []
  },
  {
    "car": {
      "Make": "Nissan",
      "Model": "GT-R",
      "TravelledDistance": 157249056
    },
    "parts": []
  },
  {
    "car": {
      "Make": "Toyota",
      "Model": "Camry Hybrid",
      "TravelledDistance": 193362513
    },
    "parts": []
  },
  {
    "car": {
      "Make": "Ford",
      "Model": "Pinto",
      "TravelledDistance": 248943927
    },
    "parts": []
  },
  {
    "car": {
      "Make": "Toyota",
      "Model": "Prius",
      "TravelledDistance": 126607020
    },
    "parts": []
  },
  {
    "car": {
      "Make": "Toyota",
      "Model": "Tacoma",
      "TravelledDistance": 89596390
    },
    "parts": []
  },
  {
    "car": {
      "Make": "Toyota",
      "Model": "Corolla",
      "TravelledDistance": 356361379
    },
    "parts": []
  },
  {
    "car": {
      "Make": "Toyota",
      "Model": "Prius",
      "TravelledDistance": 142914233
    },
    "parts": []
  },
  {
    "car": {
      "Make": "Toyota",
      "Model": "Tacoma",
      "TravelledDistance": 426059006
    },
    "parts": []
  },
  {
    "car": {
      "Make": "Toyota",
      "Model": "Prius",
      "TravelledDistance": 64266329
    },
    "parts": []
  },
  {
    "car": {
      "Make": "Toyota",
      "Model": "Tacoma",
      "TravelledDistance": 431663130
    },
    "parts": []
  },
  {
    "car": {
      "Make": "Toyota",
      "Model": "Prius",
      "TravelledDistance": 508864707
    },
    "parts": []
  },
  {
    "car": {
      "Make": "Ford",
      "Model": "Ranger",
      "TravelledDistance": 10053919
    },
    "parts": []
  },
  {
    "car": {
      "Make": "Ford",
      "Model": "Pinto",
      "TravelledDistance": 240662780
    },
    "parts": []
  },
  {
    "car": {
      "Make": "Toyota",
      "Model": "Yaris",
      "TravelledDistance": 285031257
    },
    "parts": []
  },
  {
    "car": {
      "Make": "Ford",
      "Model": "Ranger",
      "TravelledDistance": 293626832
    },
    "parts": []
  },
  {
    "car": {
      "Make": "Ford",
      "Model": "Fiesta",
      "TravelledDistance": 470875447
    },
    "parts": []
  },
  {
    "car": {
      "Make": "Ford",
      "Model": "Taurus",
      "TravelledDistance": 176314890
    },
    "parts": []
  },
  {
    "car": {
      "Make": "Ford",
      "Model": "Pinto",
      "TravelledDistance": 99638597
    },
    "parts": []
  },
  {
    "car": {
      "Make": "Ford",
      "Model": "Fiesta",
      "TravelledDistance": 232084221
    },
    "parts": []
  },
  {
    "car": {
      "Make": "Ford",
      "Model": "Torino",
      "TravelledDistance": 85841328
    },
    "parts": []
  },
  {
    "car": {
      "Make": "Ford",
      "Model": "Fiesta",
      "TravelledDistance": 251295244
    },
    "parts": []
  },
  {
    "car": {
      "Make": "Ford",
      "Model": "GT40",
      "TravelledDistance": 300191400
    },
    "parts": []
  },
  {
    "car": {
      "Make": "Ford",
      "Model": "Pinto",
      "TravelledDistance": 136428787
    },
    "parts": []
  },
  {
    "car": {
      "Make": "Ford",
      "Model": "Torino",
      "TravelledDistance": 25860756
    },
    "parts": []
  },
  {
    "car": {
      "Make": "Toyota",
      "Model": "Prius",
      "TravelledDistance": 141313729
    },
    "parts": []
  },
  {
    "car": {
      "Make": "Toyota",
      "Model": "Camry Hybrid",
      "TravelledDistance": 151868293
    },
    "parts": []
  },
  {
    "car": {
      "Make": "Toyota",
      "Model": "Corolla",
      "TravelledDistance": 230556000
    },
    "parts": []
  },
  {
    "car": {
      "Make": "Toyota",
      "Model": "Prius",
      "TravelledDistance": 332788407
    },
    "parts": []
  },
  {
    "car": {
      "Make": "Toyota",
      "Model": "Yaris",
      "TravelledDistance": 17169781
    },
    "parts": []
  },
  {
    "car": {
      "Make": "Toyota",
      "Model": "Prius",
      "TravelledDistance": 424624116
    },
    "parts": []
  },
  {
    "car": {
      "Make": "Toyota",
      "Model": "Tacoma",
      "TravelledDistance": 425742267
    },
    "parts": []
  },
  {
    "car": {
      "Make": "Toyota",
      "Model": "Prius",
      "TravelledDistance": 8676482
    },
    "parts": []
  },
  {
    "car": {
      "Make": "Toyota",
      "Model": "Yaris",
      "TravelledDistance": 18776234
    },
    "parts": []
  },
  {
    "car": {
      "Make": "Toyota",
      "Model": "Tacoma",
      "TravelledDistance": 174113404
    },
    "parts": []
  },
  {
    "car": {
      "Make": "Toyota",
      "Model": "Prius",
      "TravelledDistance": 208912076
    },
    "parts": []
  },
  {
    "car": {
      "Make": "Toyota",
      "Model": "Corolla",
      "TravelledDistance": 333412512
    },
    "parts": []
  },
  {
    "car": {
      "Make": "Toyota",
      "Model": "Yaris",
      "TravelledDistance": 439493520
    },
    "parts": []
  },
  {
    "car": {
      "Make": "Toyota",
      "Model": "Corolla",
      "TravelledDistance": 196587490
    },
    "parts": []
  },
  {
    "car": {
      "Make": "Toyota",
      "Model": "Prius",
      "TravelledDistance": 78228066
    },
    "parts": []
  },
  {
    "car": {
      "Make": "Toyota",
      "Model": "Corolla",
      "TravelledDistance": 485584239
    },
    "parts": []
  },
  {
    "car": {
      "Make": "Toyota",
      "Model": "Tacoma",
      "TravelledDistance": 147379564
    },
    "parts": []
  },
  {
    "car": {
      "Make": "Toyota",
      "Model": "Prius",
      "TravelledDistance": 280666484
    },
    "parts": []
  },
  {
    "car": {
      "Make": "Toyota",
      "Model": "Camry Hybrid",
      "TravelledDistance": 217630531
    },
    "parts": []
  },
  {
    "car": {
      "Make": "Toyota",
      "Model": "Tacoma",
      "TravelledDistance": 328571532
    },
    "parts": []
  },
  {
    "car": {
      "Make": "Toyota",
      "Model": "Corolla",
      "TravelledDistance": 172436753
    },
    "parts": []
  },
  {
    "car": {
      "Make": "Toyota",
      "Model": "Prius",
      "TravelledDistance": 65891391
    },
    "parts": []
  },
  {
    "car": {
      "Make": "Toyota",
      "Model": "Camry Hybrid",
      "TravelledDistance": 486872832
    },
    "parts": []
  },
  {
    "car": {
      "Make": "Dacia",
      "Model": "Logan",
      "TravelledDistance": 231160691
    },
    "parts": []
  }
]