[
  {
    "car": {
      "Make": "Ferrari",
      "Model": "Daytona",
      "TravelledDistance": 30312194
    },
    "customerName": "Sylvie Mcelravy",
    "Discount": "0.00",
    "price": "67.99",
    "priceWithDiscount": "67.99"
  },
  {
    "car": {
      "Make": "Ferrari",
      "Model": "F430",
      "TravelledDistance": 397106659
    },
    "customerName": "Marcelle Griego",
    "Discount": "50.00",
    "price": "44.99",
    "priceWithDiscount": "22.50"
  },
  {
    "car": {
      "Make": "Ferrari",
      "Model": "250 GTO",
      "TravelledDistance": 245546172
    },
    "customerName": "Hipolito Lamoreaux",
    "Discount": "30.00",
    "price": "104.99",
    "priceWithDiscount": "73.49"
  },
  {
    "car": {
      "Make": "Lamborghini",
      "Model": "Diablo",
      "TravelledDistance": 400917306
    },
    "customerName": "Johnette Derryberry",
    "Discount": "15.00",
    "price": "0.00",
    "priceWithDiscount": "0.00"
  },
  {
    "car": {
      "Make": "Lamborghini",
      "Model": "Gallardo",
      "TravelledDistance": 240371960
    },
    "customerName": "Teddy Hobby",
    "Discount": "20.00",
    "price": "0.00",
    "priceWithDiscount": "0.00"
  },
  {
    "car": {
      "Make": "Peugeot",
      "Model": "206",
      "TravelledDistance": 471512014
    },
    "customerName": "Cinthia Lasala",
    "Discount": "30.00",
    "price": "0.00",
    "priceWithDiscount": "0.00"
  },
  {
    "car": {
      "Make": "Peugeot",
      "Model": "405",
      "TravelledDistance": 428581244
    },
    "customerName": "Donnetta Soliz",
    "Discount": "15.00",
    "price": "367.27",
    "priceWithDiscount": "312.18"
  },
  {
    "car": {
      "Make": "Peugeot",
      "Model": "206",
      "TravelledDistance": 225031436
    },
    "customerName": "Garret Capron",
    "Discount": "0.00",
    "price": "0.00",
    "priceWithDiscount": "0.00"
  },
  {
    "car": {
      "Make": "Alfa Romeo",
      "Model": "156",
      "TravelledDistance": 434781563
    },
    "customerName": "Emmitt Benally",
    "Discount": "10.00",
    "price": "0.00",
    "priceWithDiscount": "0.00"
  },
  {
    "car": {
      "Make": "Alfa Romeo",
      "Model": "Giulietta",
      "TravelledDistance": 128074332
    },
    "customerName": "Johnette Derryberry",
    "Discount": "0.00",
    "price": "344.97",
    "priceWithDiscount": "344.97"
  }
]