[
  {
    "fullName": "Emmitt Benally",
    "boughtCars": 5,
    "spentMoney": 0.0
  },
  {
    "fullName": "Donnetta Soliz",
    "boughtCars": 3,
    "spentMoney": 0.0
  },
  {
    "fullName": "Garret Capron",
    "boughtCars": 3,
    "spentMoney": 0.0
  },
  {
    "fullName": "Hipolito Lamoreaux",
    "boughtCars": 4,
    "spentMoney": 104.99
  },
  {
    "fullName": "Sylvie Mcelravy",
    "boughtCars": 2,
    "spentMoney": 67.99
  },
  {
    "fullName": "Jimmy Grossi",
    "boughtCars": 2,
    "spentMoney": 0.0
  },
  {
    "fullName": "Faustina Burgher",
    "boughtCars": 2,
    "spentMoney": 0.0
  },
  {
    "fullName": "Daniele Zarate",
    "boughtCars": 5,
    "spentMoney": 0.0
  },
  {
    "fullName": "Cinthia Lasala",
    "boughtCars": 3,
    "spentMoney": 0.0
  },
  {
    "fullName": "Nisha Markwell",
    "boughtCars": 3,
    "spentMoney": 0.0
  },
  {
    "fullName": "Yvonne Mccalla",
    "boughtCars": 2,
    "spentMoney": 0.0
  },
  {
    "fullName": "Taina Achenbach",
    "boughtCars": 2,
    "spentMoney": 0.0
  },
  {
    "fullName": "Rema Revelle",
    "boughtCars": 4,
    "spentMoney": 0.0
  },
  {
    "fullName": "Carri Knapik",
    "boughtCars": 2,
    "spentMoney": 0.0
  },
  {
    "fullName": "Kristian Engberg",
    "boughtCars": 3,
    "spentMoney": 0.0
  },
  {
    "fullName": "Brett Brickley",
    "boughtCars": 4,
    "spentMoney": 0.0
  },
  {
    "fullName": "Oren Perlman",
    "boughtCars": 1,
    "spentMoney": 0.0
  },
  {
    "fullName": "Carole Witman",
    "boughtCars": 2,
    "spentMoney": 0.0
  },
  {
    "fullName": "Francis Mckim",
    "boughtCars": 1,
    "spentMoney": 0.0
  },
  {
    "fullName": "Audrea Cardinal",
    "boughtCars": 1,
    "spentMoney": 0.0
  },
  {
    "fullName": "Johnette Derryberry",
    "boughtCars": 5,
    "spentMoney": 0.0
  },
  {
    "fullName": "Teddy Hobby",
    "boughtCars": 3,
    "spentMoney": 0.0
  },
  {
    "fullName": "Rico Peer",
    "boughtCars": 4,
    "spentMoney": 0.0
  },
  {
    "fullName": "Lino Subia",
    "boughtCars": 3,
    "spentMoney": 0.0
  },
  {
    "fullName": "Hai Everton",
    "boughtCars": 2,
    "spentMoney": 0.0
  },
  {
    "fullName": "Zada Attwood",
    "boughtCars": 6,
    "spentMoney": 0.0
  },
  {
    "fullName": "Marcelle Griego",
    "boughtCars": 3,
    "spentMoney": 44.99
  },
  {
    "fullName": "Natalie Poli",
    "boughtCars": 3,
    "spentMoney": 0.0
  },
  {
    "fullName": "Louann Holzworth",
    "boughtCars": 3,
    "spentMoney": 0.0
  },
  {
    "fullName": "Ann Mcenaney",
    "boughtCars": 2,
    "spentMoney": 0.0
  }
]